From	Entry	Entry Name	STRING
4932.YHR165C	P33334	PRP8_YEAST	4932.YHR165C;
4932.YJL130C	P07259	PYR1_YEAST	4932.YJL130C;
4932.YLR106C	Q12019	MDN1_YEAST	4932.YLR106C;
4932.YKR054C	P36022	DYHC_YEAST	4932.YKR054C;
4932.YNR016C	Q00955	ACAC_YEAST	4932.YNR016C;
4932.YKL203C	P32600	TOR2_YEAST	4932.YKL203C;
4932.YJR066W	P35169	TOR1_YEAST	4932.YJR066W;
4932.YMR207C	P32874	HFA1_YEAST	4932.YMR207C;
4932.YGL206C	P22137	CLH_YEAST	4932.YGL206C;
4932.YNL262W	P21951	DPOE_YEAST	4932.YNL262W;
4932.YGR271W	P53327	ASCC3_YEAST	4932.YGR271W;
4932.YER172C	P32639	BRR2_YEAST	4932.YER172C;
4932.YOR151C	P08518	RPB2_YEAST	4932.YOR151C;
4932.YOR207C	P22276	RPC2_YEAST	4932.YOR207C;
4932.YOR116C	P04051	RPC1_YEAST	4932.YOR116C;
4932.YHR099W	P38811	TRA1_YEAST	4932.YHR099W;
4932.YGL062W	P11154	PYC1_YEAST	4932.YGL062W;
4932.YBR218C	P32327	PYC2_YEAST	4932.YBR218C;
4932.YKL215C	P28273	OPLA_YEAST	4932.YKL215C;
4932.YBL076C	P09436	SYIC_YEAST	4932.YBL076C;
4932.YDR385W	P32324	EF2_YEAST	4932.YDR385W;
4932.YDL126C	P25694	CDC48_YEAST	4932.YDL126C;
4932.YPL082C	P32333	BTAF1_YEAST	4932.YPL082C;
4932.YNL132W	P53914	NAT10_YEAST	4932.YNL132W;
4932.YJR109C	P03965	CARB_YEAST	4932.YJR109C;
4932.YIL066C	P21672	RIR3_YEAST	4932.YIL066C;
4932.YER070W	P21524	RIR1_YEAST	4932.YER070W;
4932.YOR341W	P10964	RPA1_YEAST	4932.YOR341W;
4932.YJL050W	P47047	MTR4_YEAST	4932.YJL050W;
4932.YDR135C	P39109	YCFI_YEAST	4932.YDR135C;
4932.YKL210W	P22515	UBA1_YEAST	4932.YKL210W;
4932.YNL088W	P06786	TOP2_YEAST	4932.YNL088W;
4932.YGR204W	P07245	C1TC_YEAST	4932.YGR204W;
4932.YLR304C	P19414	ACON_YEAST	4932.YLR304C;
4932.YBR084W	P09440	C1TM_YEAST	4932.YBR084W;
4932.YDL145C	P53622	COPA_YEAST	4932.YDL145C;
4932.YGR218W	P30822	XPO1_YEAST	4932.YGR218W;
4932.YMR189W	P49095	GCSP_YEAST	4932.YMR189W;
4932.YGR094W	P07806	SYV_YEAST	4932.YGR094W;
4932.YGL195W	P33892	GCN1_YEAST	4932.YGL195W;
4932.YDL102W	P15436	DPOD_YEAST	4932.YDL102W;
4932.YAL026C	P39524	ATC3_YEAST	4932.YAL026C;
4932.YIL048W	P40527	ATC7_YEAST	4932.YIL048W;
4932.YAL005C	P10591	HSP71_YEAST	4932.YAL005C;
4932.YLL024C	P10592	HSP72_YEAST	4932.YLL024C;
4932.YER103W	P22202	HSP74_YEAST	4932.YER103W;
4932.YBL075C	P09435	HSP73_YEAST	4932.YBL075C;
4932.YOR304W	Q08773	ISW2_YEAST	4932.YOR304W;
4932.YMR080C	P30771	RENT1_YEAST	4932.YMR080C;
4932.YER013W	P24384	PRP22_YEAST	4932.YER013W;
4932.YPR010C	P22138	RPA2_YEAST	4932.YPR010C;
4932.YOR335C	P40825	SYA_YEAST	4932.YOR335C;
4932.YPR184W	Q06625	GDE_YEAST	4932.YPR184W;
4932.YBR245C	P38144	ISW1_YEAST	4932.YBR245C;
4932.YMR288W	P49955	SF3B1_YEAST	4932.YMR288W;
4932.YPL160W	P26637	SYLC_YEAST	4932.YPL160W;
4932.YGL120C	P53131	PRP43_YEAST	4932.YGL120C;
4932.YPL240C	P02829	HSP82_YEAST	4932.YPL240C;
4932.YMR186W	P15108	HSC82_YEAST	4932.YMR186W;
4932.YDR091C	Q03195	RLI1_YEAST	4932.YDR091C;
4932.YKL148C	Q00711	SDHA_YEAST	4932.YKL148C;
4932.YJR045C	P0CS90	HSP77_YEAST	4932.YJR045C;
4932.YLL015W	P14772	BPT1_YEAST	4932.YLL015W;
4932.YGL167C	P13586	ATC1_YEAST	4932.YGL167C;
4932.YHR074W	P38795	NADE_YEAST	4932.YHR074W;
4932.YOR326W	P19524	MYO2_YEAST	4932.YOR326W;
4932.YIL125W	P20967	ODO1_YEAST	4932.YIL125W;
4932.YJL034W	P16474	BIP_YEAST	4932.YJL034W;
4932.YJL045W	P47052	SDHX_YEAST	4932.YJL045W;
4932.YPL086C	Q02908	ELP3_YEAST	4932.YPL086C;
4932.YEL031W	P39986	SPF1_YEAST	4932.YEL031W;
4932.YER171W	P06839	RAD3_YEAST	4932.YER171W;
4932.YEL030W	P39987	HSP7E_YEAST	4932.YEL030W;
4932.YIL143C	Q00578	RAD25_YEAST	4932.YIL143C;
4932.YJL200C	P39533	ACON2_YEAST	4932.YJL200C;
4932.YOR290C	P22082	SNF2_YEAST	4932.YOR290C;
4932.YIL126W	P32597	STH1_YEAST	4932.YIL126W;
4932.YPL217C	Q08965	BMS1_YEAST	4932.YPL217C;
4932.YMR109W	Q04439	MYO5_YEAST	4932.YMR109W;
4932.YLR069C	P25039	EFGM_YEAST	4932.YLR069C;
4932.YIL078W	P04801	SYTC_YEAST	4932.YIL078W;
4932.YAL029C	P32492	MYO4_YEAST	4932.YAL029C;
4932.YBR127C	P16140	VATB_YEAST	4932.YBR127C;
4932.YKL104C	P14742	GFA1_YEAST	4932.YKL104C;
4932.YGL137W	P41811	COPB2_YEAST	4932.YGL137W;
4932.YBL022C	P36775	LONM_YEAST	4932.YBL022C;
4932.YEL011W	P32775	GLGB_YEAST	4932.YEL011W;
4932.YBL023C	P29469	MCM2_YEAST	4932.YBL023C;
4932.YDR238C	P41810	COPB_YEAST	4932.YDR238C;
4932.YGL150C	P53115	INO80_YEAST	4932.YGL150C;
4932.YNL163C	P53893	RIA1_YEAST	4932.YNL163C;
4932.YPR160W	P06738	PHSG_YEAST	4932.YPR160W;
4932.YBL099W	P07251	ATPA_YEAST	4932.YBL099W;
4932.YKR086W	P15938	PRP16_YEAST	4932.YKR086W;
4932.YGL022W	P39007	STT3_YEAST	4932.YGL022W;
4932.YBR118W	P02994	EF1A_YEAST	4932.YBR118W;
4932.YHR186C	P38873	KOG1_YEAST	4932.YHR186C;
4932.YCR057C	P25635	PWP2_YEAST	4932.YCR057C;
4932.YPR181C	P15303	SEC23_YEAST	4932.YPR181C;
4932.YHR023W	P08964	MYO1_YEAST	4932.YHR023W;
4932.YDR170C	P11075	SEC7_YEAST	4932.YDR170C;
4932.YKL129C	P36006	MYO3_YEAST	4932.YKL129C;
4932.YOL021C	Q08162	RRP44_YEAST	4932.YOL021C;
4932.YJR121W	P00830	ATPB_YEAST	4932.YJR121W;
4932.YLL048C	P32386	YBT1_YEAST	4932.YLL048C;
4932.YER164W	P32657	CHD1_YEAST	4932.YER164W;
4932.YHR027C	P38764	RPN1_YEAST	4932.YHR027C;
4932.YLR398C	P35207	SKI2_YEAST	4932.YLR398C;
4932.YFR015C	P23337	GYS1_YEAST	4932.YFR015C;
4932.YMR120C	P38009	PUR92_YEAST	4932.YMR120C;
4932.YLR086W	Q12267	SMC4_YEAST	4932.YLR086W;
4932.YLR028C	P54113	PUR91_YEAST	4932.YLR028C;
4932.YFL037W	P02557	TBB_YEAST	4932.YFL037W;
4932.YNL209W	P40150	SSB2_YEAST	4932.YNL209W;
4932.YDL229W	P11484	SSB1_YEAST	4932.YDL229W;
4932.YFR031C	P38989	SMC2_YEAST	4932.YFR031C;
4932.YHL035C	P38735	VMR1_YEAST	4932.YHL035C;
4932.YLR258W	P27472	GYS2_YEAST	4932.YLR258W;
4932.YDL140C	P04050	RPB1_YEAST	4932.YDL140C;
4932.YML085C	P09733	TBA1_YEAST	4932.YML085C;
4932.YIL075C	P32565	RPN2_YEAST	4932.YIL075C;
4932.YLL039C	P0CG63	UBI4P_YEAST	4932.YLL039C;
4932.YFL039C	P60010	ACT_YEAST	4932.YFL039C;
4932.YGL173C	P22147	XRN1_YEAST	4932.YGL173C;
4932.YAL035W	P39730	IF2P_YEAST	4932.YAL035W;
4932.YLR389C	Q06010	STE23_YEAST	4932.YLR389C;
4932.YOR291W	Q12697	YPK9_YEAST	4932.YOR291W;
4932.YML124C	P09734	TBA3_YEAST	4932.YML124C;
4932.YJL111W	P42943	TCPH_YEAST	4932.YJL111W;
4932.YGR281W	P53049	YOR1_YEAST	4932.YGR281W;
4932.YOL090W	P25847	MSH2_YEAST	4932.YOL090W;
4932.YDR212W	P12612	TCPA_YEAST	4932.YDR212W;
4932.YGL234W	P07244	PUR2_YEAST	4932.YGL234W;
4932.YIL142W	P39076	TCPB_YEAST	4932.YIL142W;
4932.YJR064W	P40413	TCPE_YEAST	4932.YJR064W;
4932.YDR093W	Q12675	ATC4_YEAST	4932.YDR093W;
4932.YER025W	P32481	IF2G_YEAST	4932.YER025W;
4932.YGR061C	P38972	PUR4_YEAST	4932.YGR061C;
4932.YGL201C	P53091	MCM6_YEAST	4932.YGL201C;
4932.YER166W	P32660	ATC5_YEAST	4932.YER166W;
4932.YNL102W	P13382	DPOLA_YEAST	4932.YNL102W;
4932.YBL039C	P28274	URA7_YEAST	4932.YBL039C;
4932.YPR019W	P30665	MCM4_YEAST	4932.YPR019W;
4932.YLR274W	P29496	MCM5_YEAST	4932.YLR274W;
4932.YML035C	P15274	AMPD_YEAST	4932.YML035C;
4932.YMR089C	P40341	YTA12_YEAST	4932.YMR089C;
4932.YER017C	P39925	AFG3_YEAST	4932.YER017C;
4932.YKL145W	P33299	PRS7_YEAST	4932.YKL145W;
4932.YJL014W	P39077	TCPG_YEAST	4932.YJL014W;
4932.YDR037W	P15180	SYKC_YEAST	4932.YDR037W;
4932.YJR103W	P38627	URA8_YEAST	4932.YJR103W;
4932.YHR183W	P38720	6PGD1_YEAST	4932.YHR183W;
4932.YML056C	P50094	IMDH4_YEAST	4932.YML056C;
4932.YBR202W	P38132	MCM7_YEAST	4932.YBR202W;
4932.YLR432W	P50095	IMDH3_YEAST	4932.YLR432W;
4932.YBR196C	P12709	G6PI_YEAST	4932.YBR196C;
4932.YDL185W	P17255	VATA_YEAST	4932.YDL185W;
4932.YOR330C	P15801	DPOG_YEAST	4932.YOR330C;
4932.YBR080C	P18759	SEC18_YEAST	4932.YBR080C;
4932.YDR190C	Q03940	RUVB1_YEAST	4932.YDR190C;
4932.YPL235W	Q12464	RUVB2_YEAST	4932.YPL235W;
4932.YGR256W	P53319	6PGD2_YEAST	4932.YGR256W;
4932.YPL262W	P08417	FUMH_YEAST	4932.YPL262W;
4932.YHR216W	P38697	IMDH2_YEAST	4932.YHR216W;
4932.YMR290C	Q03532	HAS1_YEAST	4932.YMR290C;
4932.YER043C	P39954	SAHH_YEAST	4932.YER043C;
4932.YNR011C	P20095	PRP2_YEAST	4932.YNR011C;
4932.YDL143W	P39078	TCPD_YEAST	4932.YDL143W;
4932.YDL007W	P40327	PRS4_YEAST	4932.YDL007W;
4932.YJL074C	P47037	SMC3_YEAST	4932.YJL074C;
4932.YJR035W	P40352	RAD26_YEAST	4932.YJR035W;
4932.YGR264C	P00958	SYMC_YEAST	4932.YGR264C;
4932.YMR205C	P16862	PFKA2_YEAST	4932.YMR205C;
4932.YEL032W	P24279	MCM3_YEAST	4932.YEL032W;
4932.YOR270C	P32563	VPP1_YEAST	4932.YOR270C;
4932.YPL167C	P14284	DPOZ_YEAST	4932.YPL167C;
4932.YGL048C	Q01939	PRS8_YEAST	4932.YGL048C;
4932.YLR359W	Q05911	PUR8_YEAST	4932.YLR359W;
4932.YLL001W	P54861	DNM1_YEAST	4932.YLL001W;
4932.YOR048C	Q02792	XRN2_YEAST	4932.YOR048C;
4932.YLR175W	P33322	CBF5_YEAST	4932.YLR175W;
4932.Q0045	P00401	COX1_YEAST	4932.Q0045;
4932.YBR143C	P12385	ERF1_YEAST	4932.YBR143C;
4932.YBR121C	P38088	SYG_YEAST	4932.YBR121C;
4932.YHR020W	P38708	YHI0_YEAST	4932.YHR020W;
4932.YOR117W	P33297	PRS6A_YEAST	4932.YOR117W;
4932.YLL034C	Q07844	RIX7_YEAST	4932.YLL034C;
4932.YGR240C	P16861	PFKA1_YEAST	4932.YGR240C;
4932.YNL247W	P53852	SYC_YEAST	4932.YNL247W;
4932.YDR430C	P32898	PREP_YEAST	4932.YDR430C;
4932.YDR188W	P39079	TCPZ_YEAST	4932.YDR188W;
4932.YMR128W	Q04217	DHR1_YEAST	4932.YMR128W;
4932.YLR289W	P46943	GUF1_YEAST	4932.YLR289W;
4932.YLR369W	Q05931	HSP7Q_YEAST	4932.YLR369W;
4932.YLR129W	Q12220	UTP12_YEAST	4932.YLR129W;
4932.YLR259C	P19882	HSP60_YEAST	4932.YLR259C;
4932.YGL163C	P32863	RAD54_YEAST	4932.YGL163C;
4932.YPR081C	Q06817	SYG2_YEAST	4932.YPR081C;
4932.YPL040C	P48526	SYIM_YEAST	4932.YPL040C;
4932.YNR001C	P00890	CISY1_YEAST	4932.YNR001C;
4932.YMR301C	P40416	ATM1_YEAST	4932.YMR301C;
4932.YOR204W	P06634	DED1_YEAST	4932.YOR204W;
4932.YLR153C	P52910	ACS2_YEAST	4932.YLR153C;
4932.YGL156W	P22855	MAN1_YEAST	4932.YGL156W;
4932.YDL160C	P39517	DHH1_YEAST	4932.YDL160C;
4932.YPL119C	P24784	DBP1_YEAST	4932.YPL119C;
4932.YGL238W	P33307	CSE1_YEAST	4932.YGL238W;
4932.YNL112W	P24783	DBP2_YEAST	4932.YNL112W;
4932.YER036C	P40024	ARB1_YEAST	4932.YER036C;
4932.YGL207W	P32558	SPT16_YEAST	4932.YGL207W;
4932.YAL054C	Q01574	ACS1_YEAST	4932.YAL054C;
4932.YCL017C	P25374	NFS1_YEAST	4932.YCL017C;
4932.YOR356W	Q08822	ETFD_YEAST	4932.YOR356W;
4932.YDL084W	Q07478	SUB2_YEAST	4932.YDL084W;
4932.YLR397C	P32794	AFG2_YEAST	4932.YLR397C;
4932.YKL165C	P36051	MCD4_YEAST	4932.YKL165C;
4932.YER125W	P39940	RSP5_YEAST	4932.YER125W;
4932.YGR254W	P00924	ENO1_YEAST	4932.YGR254W;
4932.YDR394W	P33298	PRS6B_YEAST	4932.YDR394W;
4932.YDL164C	P04819	DNLI1_YEAST	4932.YDL164C;
4932.YFR009W	P43535	GCN20_YEAST	4932.YFR009W;
4932.YHR019C	P38707	SYNC_YEAST	4932.YHR019C;
4932.YBR229C	P38138	GLU2A_YEAST	4932.YBR229C;
4932.YNL330C	P32561	RPD3_YEAST	4932.YNL330C;
4932.YLR180W	P10659	METK1_YEAST	4932.YLR180W;
4932.YHR174W	P00925	ENO2_YEAST	4932.YHR174W;
4932.YCR005C	P08679	CISY2_YEAST	4932.YCR005C;
4932.YPL006W	Q12200	NPC1_YEAST	4932.YPL006W;
4932.YOL006C	P04786	TOP1_YEAST	4932.YOL006C;
4932.YDR502C	P19358	METK2_YEAST	4932.YDR502C;
4932.YPL093W	Q02892	NOG1_YEAST	4932.YPL093W;
4932.YGL245W	P46655	SYEC_YEAST	4932.YGL245W;
4932.YLL018C	P04802	SYDC_YEAST	4932.YLL018C;
4932.YOR259C	P53549	PRS10_YEAST	4932.YOR259C;
4932.YGL236C	P53070	MTO1_YEAST	4932.YGL236C;
4932.YKR001C	P21576	VPS1_YEAST	4932.YKR001C;
4932.YER133W	P32598	PP12_YEAST	4932.YER133W;
4932.YMR049C	Q04660	ERB1_YEAST	4932.YMR049C;
4932.YLR058C	P37291	GLYC_YEAST	4932.YLR058C;
4932.YFL018C	P09624	DLDH_YEAST	4932.YFL018C;
4932.YMR105C	P37012	PGM2_YEAST	4932.YMR105C;
4932.YGL006W	P38929	ATC2_YEAST	4932.YGL006W;
4932.YLR277C	Q06224	YSH1_YEAST	4932.YLR277C;
4932.YDL066W	P21954	IDHP_YEAST	4932.YDL066W;
4932.YOR063W	P14126	RL3_YEAST	4932.YOR063W;
4932.YMR162C	Q12674	ATC8_YEAST	4932.YMR162C;
4932.YLR378C	P32915	SC61A_YEAST	4932.YLR378C;
4932.YML057W	P14747	PP2B2_YEAST	4932.YML057W;
4932.YLR174W	P41939	IDHC_YEAST	4932.YLR174W;
4932.YCR012W	P00560	PGK_YEAST	4932.YCR012W;
4932.YHR072W	P38604	ERG7_YEAST	4932.YHR072W;
4932.YLR382C	P11325	SYLM_YEAST	4932.YLR382C;
4932.YDL029W	P32381	ARP2_YEAST	4932.YDL029W;
4932.YJL153C	P11986	INO1_YEAST	4932.YJL153C;
4932.YKL173W	P36048	SN114_YEAST	4932.YKL173W;
4932.YOR393W	P0CX10	ERR1_YEAST	4932.YOR393W;
4932.YMR323W	P42222	ERR3_YEAST	4932.YMR323W;
4932.YJL138C	P10081	IF4A_YEAST	4932.YJL138C;
4932.YMR054W	P37296	VPP2_YEAST	4932.YMR054W;
4932.YDR270W	P38995	ATU2_YEAST	4932.YDR270W;
4932.YLR240W	P22543	VPS34_YEAST	4932.YLR240W;
4932.YLR433C	P23287	PP2B1_YEAST	4932.YLR433C;
4932.YCR093W	P25655	NOT1_YEAST	4932.YCR093W;
4932.YNL189W	Q02821	IMA1_YEAST	4932.YNL189W;
4932.YKL127W	P33401	PGM1_YEAST	4932.YKL127W;
4932.YOR168W	P13188	SYQ_YEAST	4932.YOR168W;
4932.YNL009W	P53982	IDHH_YEAST	4932.YNL009W;
4932.YDR172W	P05453	ERF3_YEAST	4932.YDR172W;
4932.YDR097C	Q03834	MSH6_YEAST	4932.YDR097C;
4932.YOR014W	P38903	2A5D_YEAST	4932.YOR014W;
4932.YPR173C	P52917	VPS4_YEAST	4932.YPR173C;
4932.YBR263W	P37292	GLYM_YEAST	4932.YBR263W;
4932.YDR021W	Q12099	FAL1_YEAST	4932.YDR021W;
4932.YHR047C	P37898	AAP1_YEAST	4932.YHR047C;
4932.YML075C	P12683	HMDH1_YEAST	4932.YML075C;
4932.YKL157W	P32454	APE2_YEAST	4932.YKL157W;
4932.YLR060W	P15624	SYFB_YEAST	4932.YLR060W;
4932.YOR187W	P02992	EFTU_YEAST	4932.YOR187W;
4932.YLR305C	P37297	STT4_YEAST	4932.YLR305C;
4932.YLL040C	Q07878	VPS13_YEAST	4932.YLL040C;
4932.YHR018C	P04076	ARLY_YEAST	4932.YHR018C;
4932.YFL008W	P32908	SMC1_YEAST	4932.YFL008W;
4932.YKL035W	P32861	UGPA1_YEAST	4932.YKL035W;
4932.YNL325C	P42837	FIG4_YEAST	4932.YNL325C;
4932.YLR450W	P12684	HMDH2_YEAST	4932.YLR450W;
4932.YDL178W	P46681	DLD2_YEAST	4932.YDL178W;
4932.YJL033W	P20448	DBP4_YEAST	4932.YJL033W;
4932.YNR053C	P53742	NOG2_YEAST	4932.YNR053C;
4932.YER136W	P39958	GDI1_YEAST	4932.YER136W;
4932.YJR065C	P47117	ARP3_YEAST	4932.YJR065C;
4932.YNL287W	P32074	COPG_YEAST	4932.YNL287W;
4932.YDL188C	P23595	PP2A2_YEAST	4932.YDL188C;
4932.YDL134C	P23594	PP2A1_YEAST	4932.YDL134C;
4932.YBL004W	P35194	UTP20_YEAST	4932.YBL004W;
4932.YOR374W	P46367	ALDH4_YEAST	4932.YOR374W;
4932.YAL036C	P39729	RBG1_YEAST	4932.YAL036C;
4932.YMR167W	P38920	MLH1_YEAST	4932.YMR167W;
4932.YNL220W	P80210	PURA_YEAST	4932.YNL220W;
4932.YDL031W	Q12389	DBP10_YEAST	4932.YDL031W;
4932.YNL061W	P40991	NOP2_YEAST	4932.YNL061W;
4932.YOR347C	P52489	KPYK2_YEAST	4932.YOR347C;
4932.YGR145W	P48234	NOL10_YEAST	4932.YGR145W;
4932.YDR334W	Q05471	SWR1_YEAST	4932.YDR334W;
4932.YFR044C	P43616	DUG1_YEAST	4932.YFR044C;
4932.YJL008C	P47079	TCPQ_YEAST	4932.YJL008C;
4932.YAL038W	P00549	KPYK1_YEAST	4932.YAL038W;
4932.YAL016W	P31383	2AAA_YEAST	4932.YAL016W;
4932.YCL054W	P25582	SPB1_YEAST	4932.YCL054W;
4932.YJL101C	P32477	GSH1_YEAST	4932.YJL101C;
4932.YFL036W	P13433	RPOM_YEAST	4932.YFL036W;
4932.YER165W	P04147	PABP_YEAST	4932.YER165W;
4932.YIL155C	P32191	GPDM_YEAST	4932.YIL155C;
4932.YLR384C	Q06706	ELP1_YEAST	4932.YLR384C;
4932.YLR197W	Q12460	NOP56_YEAST	4932.YLR197W;
4932.YDR062W	P40970	LCB2_YEAST	4932.YDR062W;
4932.YDL168W	P32771	FADH_YEAST	4932.YDL168W;
4932.YGR270W	P40340	ATAD2_YEAST	4932.YGR270W;
4932.YPR033C	P07263	SYH_YEAST	4932.YPR033C;
4932.YER073W	P40047	ALDH5_YEAST	4932.YER073W;
4932.YPR024W	P32795	YME1_YEAST	4932.YPR024W;
4932.YLR347C	Q06142	IMB1_YEAST	4932.YLR347C;
4932.YFR038W	P43610	IRC5_YEAST	4932.YFR038W;
4932.YJL026W	P09938	RIR2_YEAST	4932.YJL026W;
4932.YPL259C	Q00776	AP1M1_YEAST	4932.YPL259C;
4932.YPL207W	Q08960	TYW1_YEAST	4932.YPL207W;
4932.YFL022C	P15625	SYFA_YEAST	4932.YFL022C;
4932.YBR169C	P32590	HSP79_YEAST	4932.YBR169C;
4932.YKL078W	P36009	DHR2_YEAST	4932.YKL078W;
4932.YHR065C	P38712	RRP3_YEAST	4932.YHR065C;
4932.YML059C	Q04958	NTE1_YEAST	4932.YML059C;
4932.YNL161W	P53894	CBK1_YEAST	4932.YNL161W;
4932.YPR088C	P20424	SRP54_YEAST	4932.YPR088C;
4932.YOL004W	P22579	SIN3_YEAST	4932.YOL004W;
4932.YCR072C	P25382	NLE1_YEAST	4932.YCR072C;
4932.YPL106C	P32589	HSP7F_YEAST	4932.YPL106C;
4932.YMR308C	P32337	IMB3_YEAST	4932.YMR308C;
4932.YMR304W	P50101	UBP15_YEAST	4932.YMR304W;
4932.YKL209C	P12866	STE6_YEAST	4932.YKL209C;
4932.YHR170W	P38861	NMD3_YEAST	4932.YHR170W;
4932.YDR256C	P15202	CATA_YEAST	4932.YDR256C;
4932.YGL125W	P53128	MTHR2_YEAST	4932.YGL125W;
4932.YBR073W	P38086	RDH54_YEAST	4932.YBR073W;
4932.YOL097C	Q12109	SYWC_YEAST	4932.YOL097C;
4932.YNL082W	P14242	PMS1_YEAST	4932.YNL082W;
4932.YMR229C	Q05022	RRP5_YEAST	4932.YMR229C;
4932.YLR409C	Q06078	UTP21_YEAST	4932.YLR409C;
4932.YBR017C	P38217	IMB2_YEAST	4932.YBR017C;
4932.YLR234W	P13099	TOP3_YEAST	4932.YLR234W;
4932.YLR188W	P33310	MDL1_YEAST	4932.YLR188W;
4932.YOR310C	Q12499	NOP58_YEAST	4932.YOR310C;
4932.YGL251C	P51979	HFM1_YEAST	4932.YGL251C;
4932.YBR006W	P38067	SSDH_YEAST	4932.YBR006W;
4932.YGR192C	P00359	G3P3_YEAST	4932.YGR192C;
4932.YMR170C	P47771	ALDH2_YEAST	4932.YMR170C;
4932.YDR457W	Q03280	TOM1_YEAST	4932.YDR457W;
4932.YCR092C	P25336	MSH3_YEAST	4932.YCR092C;
4932.YFR019W	P34756	FAB1_YEAST	4932.YFR019W;
4932.YGL190C	Q00362	2ABA_YEAST	4932.YGL190C;
4932.YPL061W	P54115	ALDH6_YEAST	4932.YPL061W;
4932.YNL250W	P12753	RAD50_YEAST	4932.YNL250W;
4932.YNL241C	P11412	G6PD_YEAST	4932.YNL241C;
4932.YKL135C	P36000	AP1B1_YEAST	4932.YKL135C;
4932.YJR009C	P00358	G3P2_YEAST	4932.YJR009C;
4932.YAL023C	P31382	PMT2_YEAST	4932.YAL023C;
4932.YLR117C	Q12309	CLF1_YEAST	4932.YLR117C;
4932.YJL052W	P00360	G3P1_YEAST	4932.YJL052W;
4932.YAL019W	P31380	FUN30_YEAST	4932.YAL019W;
4932.YLR276C	Q06218	DBP9_YEAST	4932.YLR276C;
4932.YCL057W	P25375	PRTD_YEAST	4932.YCL057W;
4932.YGL194C	P53096	HOS2_YEAST	4932.YGL194C;
4932.YMR169C	P54114	ALDH3_YEAST	4932.YMR169C;
4932.Q0070	Q9ZZX1	SCE4_YEAST	4932.Q0070;
4932.YHR164C	P38859	DNA2_YEAST	4932.YHR164C;
4932.YEL071W	P39976	DLD3_YEAST	4932.YEL071W;
4932.YPL091W	P41921	GSHR_YEAST	4932.YPL091W;
4932.YGR173W	P53295	RBG2_YEAST	4932.YGR173W;
4932.YOR046C	P20449	DBP5_YEAST	4932.YOR046C;
4932.YHR037W	P07275	PUT2_YEAST	4932.YHR037W;
4932.YBR097W	P22219	VPS15_YEAST	4932.YBR097W;
4932.YNL106C	P50942	INP52_YEAST	4932.YNL106C;
4932.YHL007C	Q03497	STE20_YEAST	4932.YHL007C;
4932.YDL055C	P41940	MPG1_YEAST	4932.YDL055C;
4932.YPL204W	P29295	HRR25_YEAST	4932.YPL204W;
4932.YDR375C	P32839	BCS1_YEAST	4932.YDR375C;
4932.YBL024W	P38205	NCL1_YEAST	4932.YBL024W;
4932.YPL270W	P33311	MDL2_YEAST	4932.YPL270W;
4932.YLR410W	Q06685	VIP1_YEAST	4932.YLR410W;
4932.YML126C	P54839	ERG13_YEAST	4932.YML126C;
4932.YNL045W	Q10740	LKHA4_YEAST	4932.YNL045W;
4932.YKL113C	P26793	FEN1_YEAST	4932.YKL113C;
4932.YMR190C	P35187	SGS1_YEAST	4932.YMR190C;
4932.YOL058W	P22768	ASSY_YEAST	4932.YOL058W;
4932.YDR129C	P32599	FIMB_YEAST	4932.YDR129C;
4932.YKR038C	P36132	KAE1_YEAST	4932.YKR038C;
4932.YDR111C	P52892	ALAT2_YEAST	4932.YDR111C;
4932.YBR221C	P32473	ODPB_YEAST	4932.YBR221C;
4932.YIL109C	P40482	SEC24_YEAST	4932.YIL109C;
4932.YLL011W	P33750	DCA13_YEAST	4932.YLL011W;
4932.YOL057W	Q08225	DPP3_YEAST	4932.YOL057W;
4932.YLL029W	Q07825	FRA1_YEAST	4932.YLL029W;
4932.YBL091C	P38174	MAP2_YEAST	4932.YBL091C;
4932.YAR073W	P39567	IMDH1_YEAST	4932.YAR073W;
4932.YLR083C	P32802	TMN1_YEAST	4932.YLR083C;
4932.YLL008W	P32892	DRS1_YEAST	4932.YLL008W;
4932.YOR217W	P38630	RFC1_YEAST	4932.YOR217W;
4932.YDL014W	P15646	FBRL_YEAST	4932.YDL014W;
4932.YJL154C	P34110	VPS35_YEAST	4932.YJL154C;
4932.YBR031W	P10664	RL4A_YEAST	4932.YBR031W;
4932.YML016C	P26570	PPZ1_YEAST	4932.YML016C;
4932.YDR012W	P49626	RL4B_YEAST	4932.YDR012W;
4932.YLR089C	P52893	ALAT1_YEAST	4932.YLR089C;
4932.YHR068W	P38791	DHYS_YEAST	4932.YHR068W;
4932.YDR341C	Q05506	SYRC_YEAST	4932.YDR341C;
4932.YHR171W	P38862	ATG7_YEAST	4932.YHR171W;
4932.YJL102W	P39677	RRF2M_YEAST	4932.YJL102W;
4932.YIL035C	P15790	CSK21_YEAST	4932.YIL035C;
4932.YGR103W	P53261	PESC_YEAST	4932.YGR103W;
4932.YOR109W	Q12271	INP53_YEAST	4932.YOR109W;
4932.YNL049C	P53953	SFB2_YEAST	4932.YNL049C;
4932.YMR085W	P0CF18	YM085_YEAST	4932.YMR085W;
4932.YPR001W	P43635	CISY3_YEAST	4932.YPR001W;
4932.YIL103W	P40487	DPH1_YEAST	4932.YIL103W;
4932.YPR035W	P32288	GLNA_YEAST	4932.YPR035W;
4932.YDR436W	P33329	PPZ2_YEAST	4932.YDR436W;
4932.YKR031C	P36126	SPO14_YEAST	4932.YKR031C;
4932.YHR113W	P38821	DNPEP_YEAST	4932.YHR113W;
4932.YOR321W	P47190	PMT3_YEAST	4932.YOR321W;
4932.YER095W	P25454	RAD51_YEAST	4932.YER095W;
4932.YDR477W	P06782	SNF1_YEAST	4932.YDR477W;
4932.YFR004W	P43588	RPN11_YEAST	4932.YFR004W;
4932.YJL155C	P32604	F26_YEAST	4932.YJL155C;
4932.YDL132W	Q12018	CDC53_YEAST	4932.YDL132W;
4932.YHR091C	P38714	SYRM_YEAST	4932.YHR091C;
4932.YLR438W	P07991	OAT_YEAST	4932.YLR438W;
4932.YDR075W	P32345	PP4C_YEAST	4932.YDR075W;
4932.YCR032W	P25356	BPH1_YEAST	4932.YCR032W;
4932.YBR136W	P38111	ATR_YEAST	4932.YBR136W;
4932.YHL030W	P38737	ECM29_YEAST	4932.YHL030W;
4932.YGR185C	P36421	SYYC_YEAST	4932.YGR185C;
4932.YOR061W	P19454	CSK22_YEAST	4932.YOR061W;
4932.YDR023W	P07284	SYSC_YEAST	4932.YDR023W;
4932.YOL094C	P40339	RFC4_YEAST	4932.YOL094C;
4932.YDL047W	P20604	PP11_YEAST	4932.YDL047W;
4932.YBR235W	P38329	VHC1_YEAST	4932.YBR235W;
4932.YEL058W	P38628	AGM1_YEAST	4932.YEL058W;
4932.YBL068W	P38063	KPR4_YEAST	4932.YBL068W;
4932.YGR244C	P53312	SUCB_YEAST	4932.YGR244C;
4932.YGR116W	P23615	SPT6_YEAST	4932.YGR116W;
4932.YBR025C	P38219	OLA1_YEAST	4932.YBR025C;
4932.YGR245C	P53313	SDA1_YEAST	4932.YGR245C;
4932.YPL022W	P06777	RAD1_YEAST	4932.YPL022W;
4932.YKR002W	P29468	PAP_YEAST	4932.YKR002W;
4932.YHR203C	P0CX35	RS4A_YEAST	4932.YHR203C;
4932.YGL171W	P45818	ROK1_YEAST	4932.YGL171W;
4932.YHL011C	P38689	KPR3_YEAST	4932.YHL011C;
4932.YMR224C	P32829	MRE11_YEAST	4932.YMR224C;
4932.YDR107C	Q04562	TMN2_YEAST	4932.YDR107C;
4932.YLR401C	Q06053	DUS3_YEAST	4932.YLR401C;
4932.YOR196C	P32875	LIPA_YEAST	4932.YOR196C;
4932.YDR283C	P15442	GCN2_YEAST	4932.YDR283C;
4932.YMR278W	Q03262	PGM3_YEAST	4932.YMR278W;
4932.YER099C	P38620	KPR2_YEAST	4932.YER099C;
4932.YLR222C	Q05946	UTP13_YEAST	4932.YLR222C;
4932.YDR294C	Q05567	SGPL_YEAST	4932.YDR294C;
4932.YLR163C	P10507	MPPB_YEAST	4932.YLR163C;
4932.YHR129C	P38696	ARP1_YEAST	4932.YHR129C;
4932.Q0105	P00163	CYB_YEAST	4932.Q0105;
4932.YBR237W	P21372	PRP5_YEAST	4932.YBR237W;
4932.YFR031C-A	P0CX45	RL2A_YEAST	4932.YFR031C-A;
4932.YBR160W	P00546	CDK1_YEAST	4932.YBR160W;
4932.YPL179W	P32945	PPQ1_YEAST	4932.YPL179W;
4932.YDR232W	P09950	HEM1_YEAST	4932.YDR232W;
4932.YLR354C	P15019	TAL1_YEAST	4932.YLR354C;
4932.YBR198C	P38129	TAF5_YEAST	4932.YBR198C;
4932.YPL147W	P41909	PXA1_YEAST	4932.YPL147W;
4932.YPR112C	Q06106	MRD1_YEAST	4932.YPR112C;
4932.YNL238W	P13134	KEX2_YEAST	4932.YNL238W;
4932.YGR019W	P17649	GABAT_YEAST	4932.YGR019W;
4932.YGR199W	P42934	PMT6_YEAST	4932.YGR199W;
4932.YPL175W	P32363	GPI3_YEAST	4932.YPL175W;
4932.YBL063W	P28742	KIP1_YEAST	4932.YBL063W;
4932.YNL329C	P33760	PEX6_YEAST	4932.YNL329C;
4932.YGR155W	P32582	CBS_YEAST	4932.YGR155W;
4932.YAL012W	P31373	CYS3_YEAST	4932.YAL012W;
4932.YPR016C	Q12522	IF6_YEAST	4932.YPR016C;
4932.YER178W	P16387	ODPA_YEAST	4932.YER178W;
4932.YLR244C	Q01662	MAP1_YEAST	4932.YLR244C;
4932.YBR208C	P32528	DUR1_YEAST	4932.YBR208C;
4932.YDR099W	P34730	BMH2_YEAST	4932.YDR099W;
4932.YGL119W	P27697	COQ8_YEAST	4932.YGL119W;
4932.YPL195W	Q08951	AP3D_YEAST	4932.YPL195W;
4932.YEL020C	P39994	PXP1_YEAST	4932.YEL020C;
4932.YOR027W	P15705	STI1_YEAST	4932.YOR027W;
4932.YLL041C	P21801	SDHB_YEAST	4932.YLL041C;
4932.YDR109C	Q04585	YDR09_YEAST	4932.YDR109C;
4932.YGR211W	P53303	ZPR1_YEAST	4932.YGR211W;
4932.YPL008W	P22516	CHL1_YEAST	4932.YPL008W;
4932.YKL017C	P34243	HCS1_YEAST	4932.YKL017C;
4932.YGL099W	P53145	LSG1_YEAST	4932.YGL099W;
4932.YLR419W	Q06698	YL419_YEAST	4932.YLR419W;
4932.YHR169W	P38719	DBP8_YEAST	4932.YHR169W;
4932.YIL160C	P27796	THIK_YEAST	4932.YIL160C;
4932.YJR040W	P37020	GEF1_YEAST	4932.YJR040W;
4932.YPR069C	Q12074	SPEE_YEAST	4932.YPR069C;
4932.YER177W	P29311	BMH1_YEAST	4932.YER177W;
4932.YOR074C	P06785	TYSY_YEAST	4932.YOR074C;
4932.YNL071W	P12695	ODP2_YEAST	4932.YNL071W;
4932.YBL105C	P24583	KPC1_YEAST	4932.YBL105C;
4932.YNL064C	P25491	MAS5_YEAST	4932.YNL064C;
4932.YLR113W	P32485	HOG1_YEAST	4932.YLR113W;
4932.YMR139W	P38615	RIM11_YEAST	4932.YMR139W;
4932.YGR088W	P06115	CATT_YEAST	4932.YGR088W;
4932.YER082C	P40055	UTP7_YEAST	4932.YER082C;
4932.YGR123C	P53043	PPP5_YEAST	4932.YGR123C;
4932.YGR043C	P53228	TAL2_YEAST	4932.YGR043C;
4932.YCL059C	P25586	KRR1_YEAST	4932.YCL059C;
4932.YPL266W	P41819	DIM1_YEAST	4932.YPL266W;
4932.YBR019C	P04397	GAL10_YEAST	4932.YBR019C;
4932.YNR032W	P32838	PP2A4_YEAST	4932.YNR032W;
4932.YPL151C	Q12417	PRP46_YEAST	4932.YPL151C;
4932.YDR047W	P32347	DCUP_YEAST	4932.YDR047W;
4932.YNL218W	P40151	WRIP1_YEAST	4932.YNL218W;
4932.YLR027C	P23542	AATC_YEAST	4932.YLR027C;
4932.YOL023W	P25038	IF2M_YEAST	4932.YOL023W;
4932.YHL032C	P32190	GLPK_YEAST	4932.YHL032C;
4932.YER179W	P25453	DMC1_YEAST	4932.YER179W;
4932.YLR293C	P32835	GSP1_YEAST	4932.YLR293C;
4932.YGL095C	P38932	VPS45_YEAST	4932.YGL095C;
4932.YKL194C	P07236	SYTM_YEAST	4932.YKL194C;
4932.YKR009C	Q02207	FOX2_YEAST	4932.YKR009C;
4932.YOR185C	P32836	GSP2_YEAST	4932.YOR185C;
4932.YMR216C	Q03656	SKY1_YEAST	4932.YMR216C;
4932.YOR303W	P07258	CARA_YEAST	4932.YOR303W;
4932.YDR189W	P22213	SLY1_YEAST	4932.YDR189W;
4932.YDL147W	Q12250	RPN5_YEAST	4932.YDL147W;
4932.YDR243C	P23394	PRP28_YEAST	4932.YDR243C;
4932.YLR386W	Q06708	VAC14_YEAST	4932.YLR386W;
4932.YFL002C	P25808	SPB4_YEAST	4932.YFL002C;
4932.YKL029C	P36013	MAOM_YEAST	4932.YKL029C;
4932.YOL113W	Q12469	SKM1_YEAST	4932.YOL113W;
4932.YGL091C	P52920	NBP35_YEAST	4932.YGL091C;
4932.YOR243C	Q08647	PUS7_YEAST	4932.YOR243C;
4932.YOR176W	P16622	HEMH_YEAST	4932.YOR176W;
4932.YLR231C	Q05979	KYNU_YEAST	4932.YLR231C;
4932.YPL028W	P41338	ERG10_YEAST	4932.YPL028W;
4932.YKR103W	P0CE68	NFT1_YEAST	4932.YKR103W;
4932.YKL134C	P35999	PMIP_YEAST	4932.YKL134C;
4932.YPL203W	P06245	KAPB_YEAST	4932.YPL203W;
4932.YLR340W	P05317	RLA0_YEAST	4932.YLR340W;
4932.YOR136W	P28241	IDH2_YEAST	4932.YOR136W;
4932.YKL197C	P24004	PEX1_YEAST	4932.YKL197C;
4932.YLR212C	P53378	TBG_YEAST	4932.YLR212C;
4932.YDR331W	P49018	GPI8_YEAST	4932.YDR331W;
4932.YGL040C	P05373	HEM2_YEAST	4932.YGL040C;
4932.YBL088C	P38110	ATM_YEAST	4932.YBL088C;
4932.YJL197W	P39538	UBP12_YEAST	4932.YJL197W;
4932.YOR142W	P53598	SUCA_YEAST	4932.YOR142W;
4932.YBL016W	P16892	FUS3_YEAST	4932.YBL016W;
4932.YOR244W	Q08649	ESA1_YEAST	4932.YOR244W;
4932.YJL164C	P06244	KAPA_YEAST	4932.YJL164C;
4932.YNL154C	P23292	KC12_YEAST	4932.YNL154C;
4932.YGR040W	P14681	KSS1_YEAST	4932.YGR040W;
4932.YHR204W	P38888	MNL1_YEAST	4932.YHR204W;
4932.YDR148C	P19262	ODO2_YEAST	4932.YDR148C;
4932.YKL010C	P33202	UFD4_YEAST	4932.YKL010C;
4932.YHR030C	Q00772	SLT2_YEAST	4932.YHR030C;
4932.YOR361C	P06103	EIF3B_YEAST	4932.YOR361C;
4932.YGR200C	P42935	ELP2_YEAST	4932.YGR200C;
4932.YDR120C	P15565	TRM1_YEAST	4932.YDR120C;
4932.YHR135C	P23291	KC11_YEAST	4932.YHR135C;
4932.YNR043W	P32377	MVD1_YEAST	4932.YNR043W;
4932.YPR176C	P20133	PGTB2_YEAST	4932.YPR176C;
4932.YJR072C	P47122	GPN1_YEAST	4932.YJR072C;
4932.YGL216W	P53086	KIP3_YEAST	4932.YGL216W;
4932.YPL023C	P46151	MTHR1_YEAST	4932.YPL023C;
4932.YKL188C	P34230	PXA2_YEAST	4932.YKL188C;
4932.YMR116C	P38011	GBLP_YEAST	4932.YMR116C;
4932.YDR039C	Q01896	ATN2_YEAST	4932.YDR039C;
4932.YDR060W	Q12176	MAK21_YEAST	4932.YDR060W;
4932.YNL037C	P28834	IDH1_YEAST	4932.YNL037C;
4932.YDR040C	P13587	ATN1_YEAST	4932.YDR040C;
4932.YDR038C	Q12691	ATN5_YEAST	4932.YDR038C;
4932.YDL095W	P33775	PMT1_YEAST	4932.YDL095W;
4932.YJR068W	P40348	RFC2_YEAST	4932.YJR068W;
4932.YGL003C	P53197	CDH1_YEAST	4932.YGL003C;
4932.YIR002C	P40562	MPH1_YEAST	4932.YIR002C;
4932.YNL290W	P38629	RFC3_YEAST	4932.YNL290W;
4932.YKL166C	P05986	KAPC_YEAST	4932.YKL166C;
4932.YDR044W	P11353	HEM6_YEAST	4932.YDR044W;
4932.YDL079C	P50873	MRK1_YEAST	4932.YDL079C;
4932.YPL009C	Q12532	RQC2_YEAST	4932.YPL009C;
4932.YPL031C	P17157	PHO85_YEAST	4932.YPL031C;
4932.YNL298W	P48562	CLA4_YEAST	4932.YNL298W;
4932.YLR195C	P14743	NMT_YEAST	4932.YLR195C;
4932.YKL126W	P12688	YPK1_YEAST	4932.YKL126W;
4932.YHR042W	P16603	NCPR_YEAST	4932.YHR042W;
4932.YAR007C	P22336	RFA1_YEAST	4932.YAR007C;
4932.YPR029C	Q12028	AP1G1_YEAST	4932.YPR029C;
4932.YIL091C	P40498	UTP25_YEAST	4932.YIL091C;
4932.YDL103C	P43123	UAP1_YEAST	4932.YDL103C;
4932.YBR170C	P33755	NPL4_YEAST	4932.YBR170C;
4932.YNR050C	P38999	LYS9_YEAST	4932.YNR050C;
4932.YGL094C	P53010	PAN2_YEAST	4932.YGL094C;
4932.YOL034W	Q08204	SMC5_YEAST	4932.YOL034W;
4932.YDL097C	Q12377	RPN6_YEAST	4932.YDL097C;
4932.YLR429W	Q06440	CORO_YEAST	4932.YLR429W;
4932.YHR079C	P32361	IRE1_YEAST	4932.YHR079C;
4932.YGL211W	P53088	CTU1_YEAST	4932.YGL211W;
4932.YML049C	Q04693	RSE1_YEAST	4932.YML049C;
4932.YKL213C	P36037	DOA1_YEAST	4932.YKL213C;
4932.YBR034C	P38074	ANM1_YEAST	4932.YBR034C;
4932.YLR272C	Q06156	CND1_YEAST	4932.YLR272C;
4932.YKL184W	P08432	DCOR_YEAST	4932.YKL184W;
4932.YPL012W	Q12754	RRP12_YEAST	4932.YPL012W;
4932.YJR148W	P47176	BCA2_YEAST	4932.YJR148W;
4932.YBR018C	P08431	GAL7_YEAST	4932.YBR018C;
4932.YFL003C	P40965	MSH4_YEAST	4932.YFL003C;
4932.YDL022W	Q00055	GPD1_YEAST	4932.YDL022W;
4932.YMR104C	P18961	YPK2_YEAST	4932.YMR104C;
4932.YBR055C	P19735	PRP6_YEAST	4932.YBR055C;
4932.YNL023C	P53971	FAP1_YEAST	4932.YNL023C;
4932.YLR172C	P32469	DPH5_YEAST	4932.YLR172C;
4932.YER126C	P40078	NSA2_YEAST	4932.YER126C;
4932.YDL060W	Q07381	TSR1_YEAST	4932.YDL060W;
4932.YNL239W	Q01532	BLH1_YEAST	4932.YNL239W;
4932.YLR229C	P19073	CDC42_YEAST	4932.YLR229C;
4932.YER015W	P39518	LCF2_YEAST	4932.YER015W;
4932.YJR143C	P46971	PMT4_YEAST	4932.YJR143C;
4932.YMR001C	P32562	CDC5_YEAST	4932.YMR001C;
4932.YHR028C	P18962	DAP2_YEAST	4932.YHR028C;
4932.YGR180C	P49723	RIR4_YEAST	4932.YGR180C;
4932.YGR171C	P22438	SYMM_YEAST	4932.YGR171C;
4932.YOR067C	P40351	ALG8_YEAST	4932.YOR067C;
4932.YDL040C	P12945	NAT1_YEAST	4932.YDL040C;
4932.YHR007C	P10614	CP51_YEAST	4932.YHR007C;
4932.YOR241W	Q08645	FOLE_YEAST	4932.YOR241W;
4932.YKL085W	P17505	MDHM_YEAST	4932.YKL085W;
4932.YGL078C	P20447	DBP3_YEAST	4932.YGL078C;
4932.YHR208W	P38891	BCA1_YEAST	4932.YHR208W;
4932.Q0065	P03878	SCE2_YEAST	4932.Q0065;
4932.YOR261C	Q08723	RPN8_YEAST	4932.YOR261C;
4932.YNL288W	P53829	CAF40_YEAST	4932.YNL288W;
4932.YLL013C	Q07807	PUF3_YEAST	4932.YLL013C;
4932.YFL053W	P43550	DAK2_YEAST	4932.YFL053W;
4932.YEL061C	P27895	CIN8_YEAST	4932.YEL061C;
4932.YDR390C	P52488	UBA2_YEAST	4932.YDR390C;
4932.YBR295W	P38360	ATU1_YEAST	4932.YBR295W;
4932.YGL027C	P53008	CWH41_YEAST	4932.YGL027C;
4932.YMR246W	P47912	LCF4_YEAST	4932.YMR246W;
4932.YOR323C	P54885	PROA_YEAST	4932.YOR323C;
4932.YLR447C	P32366	VA0D_YEAST	4932.YLR447C;
4932.YLR383W	Q12749	SMC6_YEAST	4932.YLR383W;
4932.YJR007W	P20459	IF2A_YEAST	4932.YJR007W;
4932.YPR021C	Q12482	AGC1_YEAST	4932.YPR021C;
4932.YER148W	P13393	TBP_YEAST	4932.YER148W;
4932.YPR110C	P07703	RPAC1_YEAST	4932.YPR110C;
4932.YIL107C	P40433	6P21_YEAST	4932.YIL107C;
4932.YPL104W	P15179	SYDM_YEAST	4932.YPL104W;
4932.YGR252W	Q03330	GCN5_YEAST	4932.YGR252W;
4932.YGR132C	P40961	PHB1_YEAST	4932.YGR132C;
4932.YLL031C	Q07830	GPI13_YEAST	4932.YLL031C;
4932.YHR190W	P29704	ERG9_YEAST	4932.YHR190W;
4932.YOL059W	P41911	GPD2_YEAST	4932.YOL059W;
4932.YPR141C	P17119	KAR3_YEAST	4932.YPR141C;
4932.YDL190C	P54860	UFD2_YEAST	4932.YDL190C;
4932.YML121W	Q00582	RAGAB_YEAST	4932.YML121W;
4932.YOR206W	P39744	NOC2_YEAST	4932.YOR206W;
4932.YPL074W	P40328	TBP6_YEAST	4932.YPL074W;
4932.YML063W	P23248	RS3A2_YEAST	4932.YML063W;
4932.YPR047W	P08425	SYFM_YEAST	4932.YPR047W;
4932.YER123W	P39962	KC13_YEAST	4932.YER123W;
4932.YCR011C	P25371	ADP1_YEAST	4932.YCR011C;
4932.YKL101W	P34244	HSL1_YEAST	4932.YKL101W;
4932.YDL238C	Q07729	GUAD_YEAST	4932.YDL238C;
4932.YCR053W	P16120	THRC_YEAST	4932.YCR053W;
4932.YAL021C	P31384	CCR4_YEAST	4932.YAL021C;
4932.YJL167W	P08524	ERG20_YEAST	4932.YJL167W;
4932.YOR065W	P07143	CY1_YEAST	4932.YOR065W;
4932.YLR441C	P33442	RS3A1_YEAST	4932.YLR441C;
4932.YHR205W	P11792	SCH9_YEAST	4932.YHR205W;
4932.YAR042W	P35845	OSH1_YEAST	4932.YAR042W;
4932.YDR211W	P32501	EI2BE_YEAST	4932.YDR211W;
4932.YER047C	P39955	SAP1_YEAST	4932.YER047C;
4932.YFL038C	P01123	YPT1_YEAST	4932.YFL038C;
4932.YBR085W	P18238	ADT3_YEAST	4932.YBR085W;
4932.YPL131W	P26321	RL5_YEAST	4932.YPL131W;
4932.YBR079C	P38249	EIF3A_YEAST	4932.YBR079C;
4932.YGR231C	P50085	PHB2_YEAST	4932.YGR231C;
4932.YBR011C	P00817	IPYR_YEAST	4932.YBR011C;
4932.YDL174C	P32891	DLD1_YEAST	4932.YDL174C;
4932.YNL021W	P53973	HDA1_YEAST	4932.YNL021W;
4932.YDL100C	Q12154	GET3_YEAST	4932.YDL100C;
4932.YNR012W	P27515	URK1_YEAST	4932.YNR012W;
4932.YGR163W	P53290	RAGCD_YEAST	4932.YGR163W;
4932.YKR084C	P32769	HBS1_YEAST	4932.YKR084C;
4932.YPL029W	P32580	SUV3_YEAST	4932.YPL029W;
4932.YMR217W	P38625	GUAA_YEAST	4932.YMR217W;
4932.YKR024C	P36120	DBP7_YEAST	4932.YKR024C;
4932.YLR029C	P05748	RL15A_YEAST	4932.YLR029C;
4932.YLR377C	P09201	F16P_YEAST	4932.YLR377C;
4932.YOR317W	P30624	LCF1_YEAST	4932.YOR317W;
4932.YNL006W	P41318	LST8_YEAST	4932.YNL006W;
4932.YMR121C	P54780	RL15B_YEAST	4932.YMR121C;
4932.YJR131W	P32906	MNS1_YEAST	4932.YJR131W;
4932.YML080W	P53759	DUS1_YEAST	4932.YML080W;
4932.YOR070C	Q08484	GYP1_YEAST	4932.YOR070C;
4932.YBR247C	P38333	ENP1_YEAST	4932.YBR247C;
4932.YKL022C	P09798	CDC16_YEAST	4932.YKL022C;
4932.YGR175C	P32476	ERG1_YEAST	4932.YGR175C;
4932.YNL267W	P39104	PIK1_YEAST	4932.YNL267W;
4932.YNL178W	P05750	RS3_YEAST	4932.YNL178W;
4932.YBR243C	P07286	GPT_YEAST	4932.YBR243C;
4932.YOL038W	P40303	PSA4_YEAST	4932.YOL038W;
4932.YML070W	P54838	DAK1_YEAST	4932.YML070W;
4932.YDL137W	P19146	ARF2_YEAST	4932.YDL137W;
4932.YMR146C	P40217	EIF3I_YEAST	4932.YMR146C;
4932.Q0120	P03879	MBI4_YEAST	4932.Q0120;
4932.YIL009W	P39002	LCF3_YEAST	4932.YIL009W;
4932.YGR124W	P49090	ASNS2_YEAST	4932.YGR124W;
4932.YDL192W	P11076	ARF1_YEAST	4932.YDL192W;
4932.YDL201W	Q12009	TRMB_YEAST	4932.YDL201W;
4932.YGR194C	P42826	XKS1_YEAST	4932.YGR194C;
4932.YML061C	P07271	PIF1_YEAST	4932.YML061C;
4932.YLR216C	P53691	PPID_YEAST	4932.YLR216C;
4932.YPL154C	P07267	CARP_YEAST	4932.YPL154C;
4932.YCR024C	P25345	SYNM_YEAST	4932.YCR024C;
4932.YBL030C	P18239	ADT2_YEAST	4932.YBL030C;
4932.YHR031C	P38766	RRM3_YEAST	4932.YHR031C;
4932.YGL192W	P41833	MTA70_YEAST	4932.YGL192W;
4932.YBR058C	P38237	UBP14_YEAST	4932.YBR058C;
4932.YPL125W	Q02932	KA120_YEAST	4932.YPL125W;
4932.YOR002W	Q12001	ALG6_YEAST	4932.YOR002W;
4932.YER061C	P39525	CEM1_YEAST	4932.YER061C;
4932.YGL123W	P25443	RS2_YEAST	4932.YGL123W;
4932.YBR087W	P38251	RFC5_YEAST	4932.YBR087W;
4932.YNL207W	P40160	RIO2_YEAST	4932.YNL207W;
4932.YLR314C	P32457	CDC3_YEAST	4932.YLR314C;
4932.YBR181C	P0CX37	RS6A_YEAST	4932.YBR181C;
4932.YLL045C	P29453	RL8B_YEAST	4932.YLL045C;
4932.YJR005W	P27351	AP2B_YEAST	4932.YJR005W;
4932.YIL003W	P40558	CFD1_YEAST	4932.YIL003W;
4932.YLR075W	P41805	RL10_YEAST	4932.YLR075W;
4932.YLR005W	Q04673	SSL1_YEAST	4932.YLR005W;
4932.YHR005C	P08539	GPA1_YEAST	4932.YHR005C;
4932.YER003C	P29952	MPI_YEAST	4932.YER003C;
4932.YPR145W	P49089	ASNS1_YEAST	4932.YPR145W;
4932.YBR227C	P38323	CLPX_YEAST	4932.YBR227C;
4932.YAL048C	P39722	GEM1_YEAST	4932.YAL048C;
4932.YPL122C	Q02939	TFB2_YEAST	4932.YPL122C;
4932.YGR028W	P28737	MSP1_YEAST	4932.YGR028W;
4932.YLR032W	P32849	RAD5_YEAST	4932.YLR032W;
4932.YBR041W	P38225	FAT1_YEAST	4932.YBR041W;
4932.YLR146C	Q12455	SPSY_YEAST	4932.YLR146C;
4932.YLR208W	Q04491	SEC13_YEAST	4932.YLR208W;
4932.YER020W	P10823	GPA2_YEAST	4932.YER020W;
4932.YHL033C	P17076	RL8A_YEAST	4932.YHL033C;
4932.YOR119C	Q12196	RIO1_YEAST	4932.YOR119C;
4932.YCR002C	P25342	CDC10_YEAST	4932.YCR002C;
4932.YNL280C	P32462	ERG24_YEAST	4932.YNL280C;
4932.YHR111W	P38820	UBA4_YEAST	4932.YHR111W;
4932.YML069W	Q04636	POB3_YEAST	4932.YML069W;
4932.YML010W	P27692	SPT5_YEAST	4932.YML010W;
4932.YJR119C	P47156	JHD2_YEAST	4932.YJR119C;
4932.YJR132W	P46970	NMD5_YEAST	4932.YJR132W;
4932.YER156C	P40093	YEY6_YEAST	4932.YER156C;
4932.YMR056C	P04710	ADT1_YEAST	4932.YMR056C;
4932.YNL075W	P53941	IMP4_YEAST	4932.YNL075W;
4932.YKL139W	Q03957	CTK1_YEAST	4932.YKL139W;
4932.YER078C	P40051	ICP55_YEAST	4932.YER078C;
4932.YDL108W	P06242	KIN28_YEAST	4932.YDL108W;
4932.YLR070C	Q07993	XYL2_YEAST	4932.YLR070C;
4932.YPR004C	Q12480	ETFA_YEAST	4932.YPR004C;
4932.YOR157C	P25043	PSB2_YEAST	4932.YOR157C;
4932.YGR253C	P32379	PSA5_YEAST	4932.YGR253C;
4932.YBL098W	P38169	KMO_YEAST	4932.YBL098W;
4932.YIL002C	P40559	INP51_YEAST	4932.YIL002C;
4932.YPR118W	Q06489	MTNA_YEAST	4932.YPR118W;
4932.YHR024C	P11914	MPPA_YEAST	4932.YHR024C;
4932.YJR123W	P26783	RS5_YEAST	4932.YJR123W;
4932.YDR507C	Q12263	GIN4_YEAST	4932.YDR507C;
4932.YBR114W	P31244	RAD16_YEAST	4932.YBR114W;
4932.YBR029C	P38221	CDS1_YEAST	4932.YBR029C;
4932.YFL045C	P07283	PMM_YEAST	4932.YFL045C;
4932.YOL100W	Q12236	PKH2_YEAST	4932.YOL100W;
4932.YDL093W	P52867	PMT5_YEAST	4932.YDL093W;
4932.YGL065C	P43636	ALG2_YEAST	4932.YGL065C;
4932.YPL209C	P38991	AURK_YEAST	4932.YPL209C;
4932.YGL205W	P13711	ACOX_YEAST	4932.YGL205W;
4932.YHR102W	P38692	KIC1_YEAST	4932.YHR102W;
4932.YPR048W	Q12181	NDOR1_YEAST	4932.YPR048W;
4932.YKL045W	P20457	PRI2_YEAST	4932.YKL045W;
4932.YPR103W	P30656	PSB5_YEAST	4932.YPR103W;
4932.YDL019C	Q12451	OSH2_YEAST	4932.YDL019C;
4932.YJR159W	P35497	DHSO1_YEAST	4932.YJR159W;
4932.YML042W	P32796	CACP_YEAST	4932.YML042W;
4932.YBR061C	P38238	TRM7_YEAST	4932.YBR061C;
4932.YHL014C	P38746	YLF2_YEAST	4932.YHL014C;
4932.YGR214W	P32905	RSSA1_YEAST	4932.YGR214W;
4932.YDR292C	P32916	SRPR_YEAST	4932.YDR292C;
4932.YER053C	P40035	PIC2_YEAST	4932.YER053C;
4932.YPR165W	P06780	RHO1_YEAST	4932.YPR165W;
4932.YDR364C	P40968	PRP17_YEAST	4932.YDR364C;
4932.YJR110W	P47147	YMR1_YEAST	4932.YJR110W;
4932.YOL033W	P48525	SYEM_YEAST	4932.YOL033W;
4932.YNL138W	P17555	CAP_YEAST	4932.YNL138W;
4932.YER107C	P40066	GLE2_YEAST	4932.YER107C;
4932.YNL048W	P53954	ALG11_YEAST	4932.YNL048W;
4932.YDL246C	Q07786	DHSO2_YEAST	4932.YDL246C;
4932.YLR048W	P46654	RSSA2_YEAST	4932.YLR048W;
4932.YOL066C	Q12362	RIB2_YEAST	4932.YOL066C;
4932.YLR351C	P49954	NIT3_YEAST	4932.YLR351C;
4932.YNL317W	P42841	PFS2_YEAST	4932.YNL317W;
4932.YCL024W	P25389	KCC4_YEAST	4932.YCL024W;
4932.YOL061W	Q12265	KPR5_YEAST	4932.YOL061W;
4932.YMR110C	Q04458	HFD1_YEAST	4932.YMR110C;
4932.YOR001W	Q12149	RRP6_YEAST	4932.YOR001W;
4932.YBL037W	P38065	AP2A_YEAST	4932.YBL037W;
4932.YBR189W	P05755	RS9B_YEAST	4932.YBR189W;
4932.YGR246C	P29056	TF3B_YEAST	4932.YGR246C;
4932.YKL161C	P36005	KDX1_YEAST	4932.YKL161C;
4932.YOR005C	Q08387	DNLI4_YEAST	4932.YOR005C;
4932.YDR456W	Q04121	NHX1_YEAST	4932.YDR456W;
4932.YMR023C	P32559	MSS1_YEAST	4932.YMR023C;
4932.YDR490C	Q03407	PKH1_YEAST	4932.YDR490C;
4932.YAR035W	P80235	CACM_YEAST	4932.YAR035W;
4932.YPL081W	O13516	RS9A_YEAST	4932.YPL081W;
4932.YOR184W	P33330	SERC_YEAST	4932.YOR184W;
4932.YGL141W	P53119	HUL5_YEAST	4932.YGL141W;
4932.YBR220C	P38318	YB70_YEAST	4932.YBR220C;
4932.YMR296C	P25045	SPTC1_YEAST	4932.YMR296C;
4932.YGR135W	P23638	PSA3_YEAST	4932.YGR135W;
4932.YKL181W	P32895	KPR1_YEAST	4932.YKL181W;
4932.YER031C	P38555	YPT31_YEAST	4932.YER031C;
4932.YPR054W	P41808	SMK1_YEAST	4932.YPR054W;
4932.YLR209C	Q05788	PNPH_YEAST	4932.YLR209C;
4932.YEL056W	P39984	HAT2_YEAST	4932.YEL056W;
4932.YER141W	P40086	COX15_YEAST	4932.YER141W;
4932.YDR050C	P00942	TPIS_YEAST	4932.YDR050C;
4932.YKL212W	P32368	SAC1_YEAST	4932.YKL212W;
4932.YFR053C	P04806	HXKA_YEAST	4932.YFR053C;
4932.YGL011C	P21243	PSA1_YEAST	4932.YGL011C;
4932.YOL077C	Q08235	BRX1_YEAST	4932.YOL077C;
4932.YJR013W	P47088	GPI14_YEAST	4932.YJR013W;
4932.YJL141C	P14680	YAK1_YEAST	4932.YJL141C;
4932.YBL084C	P38042	CDC27_YEAST	4932.YBL084C;
4932.YEL022W	P39993	GEA2_YEAST	4932.YEL022W;
4932.YGL135W	P0CX43	RL1A_YEAST	4932.YGL135W;
4932.YNL307C	P21965	MCK1_YEAST	4932.YNL307C;
4932.YJR036C	P40985	HUL4_YEAST	4932.YJR036C;
4932.YDL036C	Q12069	PUS9_YEAST	4932.YDL036C;
4932.YER021W	P40016	RPN3_YEAST	4932.YER021W;
4932.YDR019C	P48015	GCST_YEAST	4932.YDR019C;
4932.YGL210W	P51996	YPT32_YEAST	4932.YGL210W;
4932.YML102W	Q04199	CAF1B_YEAST	4932.YML102W;
4932.YGL253W	P04807	HXKB_YEAST	4932.YGL253W;
4932.YPR041W	P38431	IF5_YEAST	4932.YPR041W;
4932.YDR226W	P07170	KAD2_YEAST	4932.YDR226W;
4932.YDR523C	P08458	SPS1_YEAST	4932.YDR523C;
4932.YPL017C	Q02733	IRC15_YEAST	4932.YPL017C;
4932.YKL106W	Q01802	AATM_YEAST	4932.YKL106W;
4932.YGR258C	P07276	RAD2_YEAST	4932.YGR258C;
4932.YML028W	P34760	TSA1_YEAST	4932.YML028W;
4932.YOL124C	Q12463	TRM11_YEAST	4932.YOL124C;
4932.YOL103W	P30606	ITR2_YEAST	4932.YOL103W;
4932.YCR017C	P25618	CWH43_YEAST	4932.YCR017C;
4932.YDL195W	P38968	SEC31_YEAST	4932.YDL195W;
4932.YDR365C	Q06344	ESF1_YEAST	4932.YDR365C;
4932.YMR165C	P32567	PAH1_YEAST	4932.YMR165C;
4932.YLL019C	P32350	KNS1_YEAST	4932.YLL019C;
4932.YKL152C	P00950	PMG1_YEAST	4932.YKL152C;
4932.YER169W	P39956	RPH1_YEAST	4932.YER169W;
4932.YMR309C	P32497	EIF3C_YEAST	4932.YMR309C;
4932.YHL012W	P38709	UGPA2_YEAST	4932.YHL012W;
4932.YPL268W	P32383	PLC1_YEAST	4932.YPL268W;
4932.YFL001W	P31115	PUS3_YEAST	4932.YFL001W;
4932.YBL052C	P34218	SAS3_YEAST	4932.YBL052C;
4932.YNL172W	P53886	APC1_YEAST	4932.YNL172W;
4932.YPL109C	Q02981	YP109_YEAST	4932.YPL109C;
4932.YOR362C	P21242	PSA7_YEAST	4932.YOR362C;
4932.YPL097W	P48527	SYYM_YEAST	4932.YPL097W;
4932.YPR066W	Q99344	UBA3_YEAST	4932.YPR066W;
4932.YBR020W	P04385	GAL1_YEAST	4932.YBR020W;
4932.YKL149C	P24309	DBR1_YEAST	4932.YKL149C;
4932.YJL121C	P46969	RPE_YEAST	4932.YJL121C;
4932.YMR131C	Q04225	RRB1_YEAST	4932.YMR131C;
4932.YJL088W	P05150	OTC_YEAST	4932.YJL088W;
4932.YJR117W	P47154	STE24_YEAST	4932.YJR117W;
4932.YLR430W	Q00416	SEN1_YEAST	4932.YLR430W;
4932.YPR102C	P0C0W9	RL11A_YEAST	4932.YPR102C;
4932.YOL049W	Q08220	GSHB_YEAST	4932.YOL049W;
4932.YGR085C	Q3E757	RL11B_YEAST	4932.YGR085C;
4932.YPR108W	Q06103	RPN7_YEAST	4932.YPR108W;
4932.YOR262W	Q08726	GPN2_YEAST	4932.YOR262W;
4932.YGL116W	P26309	CDC20_YEAST	4932.YGL116W;
4932.YHR098C	P38810	SFB3_YEAST	4932.YHR098C;
4932.YAL042W	P39727	ERV46_YEAST	4932.YAL042W;
4932.YML092C	P23639	PSA2_YEAST	4932.YML092C;
4932.YGR100W	P53258	GYP2_YEAST	4932.YGR100W;
4932.YBR110W	P16661	ALG1_YEAST	4932.YBR110W;
4932.YLR056W	P32353	ERG3_YEAST	4932.YLR056W;
4932.YBR142W	P38112	MAK5_YEAST	4932.YBR142W;
4932.YPR178W	P20053	PRP4_YEAST	4932.YPR178W;
4932.YNL219C	P53868	ALG9_YEAST	4932.YNL219C;
4932.YLR262C	Q99260	YPT6_YEAST	4932.YLR262C;
4932.YJL128C	P08018	PBS2_YEAST	4932.YJL128C;
4932.YPL042C	P39073	SSN3_YEAST	4932.YPL042C;
4932.YOR219C	P33894	STE13_YEAST	4932.YOR219C;
4932.YOL062C	Q99186	AP2M_YEAST	4932.YOL062C;
4932.YAL025C	P10962	MAK16_YEAST	4932.YAL025C;
4932.YML054C	P00175	CYB2_YEAST	4932.YML054C;
4932.YGR267C	P51601	GCH1_YEAST	4932.YGR267C;
4932.YBR082C	P15731	UBC4_YEAST	4932.YBR082C;
4932.YDR268W	P04803	SYWM_YEAST	4932.YDR268W;
4932.YDR128W	Q03897	WDR59_YEAST	4932.YDR128W;
4932.YDR059C	P15732	UBC5_YEAST	4932.YDR059C;
4932.YGR261C	P46682	AP3B_YEAST	4932.YGR261C;
4932.YLR253W	Q06567	MCP2_YEAST	4932.YLR253W;
4932.YNL001W	P33309	DOM34_YEAST	4932.YNL001W;
4932.YML001W	P32939	YPT7_YEAST	4932.YML001W;
4932.YDL090C	P22007	FNTB_YEAST	4932.YDL090C;
4932.YBL072C	P0CX39	RS8A_YEAST	4932.YBL072C;
4932.YHR107C	P32468	CDC12_YEAST	4932.YHR107C;
4932.YHR016C	P32793	YSC84_YEAST	4932.YHR016C;
4932.YDL154W	Q12175	MSH5_YEAST	4932.YDL154W;
4932.YLR167W	P05759	RS31_YEAST	4932.YLR167W;
4932.YGR092W	P22204	DBF2_YEAST	4932.YGR092W;
4932.YOR212W	P18851	GBB_YEAST	4932.YOR212W;
4932.YGR090W	P53254	UTP22_YEAST	4932.YGR090W;
4932.YMR093W	Q04305	UTP15_YEAST	4932.YMR093W;
4932.YGR274C	P46677	TAF1_YEAST	4932.YGR274C;
4932.YMR243C	P20107	ZRC1_YEAST	4932.YMR243C;
4932.YDL078C	P32419	MDHP_YEAST	4932.YDL078C;
4932.YNL169C	P39006	PSD1_YEAST	4932.YNL169C;
4932.YCR047C	P25627	BUD23_YEAST	4932.YCR047C;
4932.YEL052W	P32317	AFG1_YEAST	4932.YEL052W;
4932.YMR314W	P40302	PSA6_YEAST	4932.YMR314W;
4932.YDR466W	Q03306	PKH3_YEAST	4932.YDR466W;
4932.YDR064W	P05756	RS13_YEAST	4932.YDR064W;
4932.YHR166C	P16522	CDC23_YEAST	4932.YHR166C;
4932.YBR010W	P61830	H3_YEAST	4932.YBR010W;
4932.YDR453C	Q04120	TSA2_YEAST	4932.YDR453C;
4932.YLR092W	Q12325	SUL2_YEAST	4932.YLR092W;
4932.YEL021W	P03962	PYRF_YEAST	4932.YEL021W;
4932.YGL076C	P05737	RL7A_YEAST	4932.YGL076C;
4932.YMR092C	P46680	AIP1_YEAST	4932.YMR092C;
4932.YJR070C	P47120	DOHH_YEAST	4932.YJR070C;
4932.YGR217W	P50077	CCH1_YEAST	4932.YGR217W;
4932.YPL198W	Q12213	RL7B_YEAST	4932.YPL198W;
4932.YFR047C	P43619	NADC_YEAST	4932.YFR047C;
4932.YDR418W	P0CX53	RL12A_YEAST	4932.YDR418W;
4932.YCL040W	P17709	HXKG_YEAST	4932.YCL040W;
4932.YFR024C-A	P43603	LSB3_YEAST	4932.YFR024C-A;
4932.YJR031C	P47102	GEA1_YEAST	4932.YJR031C;
4932.YPR111W	P32328	DBF20_YEAST	4932.YPR111W;
4932.YOR145C	Q99216	PNO1_YEAST	4932.YOR145C;
4932.YDR301W	Q06632	CFT1_YEAST	4932.YDR301W;
4932.YOL060C	Q12296	MAM3_YEAST	4932.YOL060C;
4932.YBR164C	P38116	ARL1_YEAST	4932.YBR164C;
4932.YNR047W	P53739	FPK1_YEAST	4932.YNR047W;
4932.YOL075C	Q08234	YO075_YEAST	4932.YOL075C;
4932.YER005W	P40009	YND1_YEAST	4932.YER005W;
4932.YBL104C	P38164	SEA4_YEAST	4932.YBL104C;
4932.YHL010C	P38748	ETP1_YEAST	4932.YHL010C;
4932.YLR196W	P21304	PWP1_YEAST	4932.YLR196W;
4932.YBR028C	P38070	YPK3_YEAST	4932.YBR028C;
4932.YMR213W	Q03654	CEF1_YEAST	4932.YMR213W;
4932.YOL010W	Q08096	RCL1_YEAST	4932.YOL010W;
4932.YBR294W	P38359	SUL1_YEAST	4932.YBR294W;
4932.YIR008C	P10363	PRI1_YEAST	4932.YIR008C;
4932.YHR120W	P25846	MSH1_YEAST	4932.YHR120W;
4932.YDR009W	P13045	GAL3_YEAST	4932.YDR009W;
4932.YER176W	P32644	ECM32_YEAST	4932.YER176W;
4932.YBR296C	P38361	PHO89_YEAST	4932.YBR296C;
4932.YHR070W	P38793	TRM5_YEAST	4932.YHR070W;
4932.YER110C	P40069	IMB4_YEAST	4932.YER110C;
4932.YDR339C	Q05498	FCF1_YEAST	4932.YDR339C;
4932.YKL218C	P36007	LTHAD_YEAST	4932.YKL218C;
4932.YFR051C	P43621	COPD_YEAST	4932.YFR051C;
4932.YJR105W	P47143	ADK_YEAST	4932.YJR105W;
4932.YDR497C	P30605	ITR1_YEAST	4932.YDR497C;
4932.YBR133C	P38274	HSL7_YEAST	4932.YBR133C;
4932.YHR088W	P38805	RPF1_YEAST	4932.YHR088W;
4932.YKR104W	P0CE69	YK104_YEAST	4932.YKR104W;
4932.YCR091W	P25341	KIN82_YEAST	4932.YCR091W;
4932.YDR080W	P38959	VPS41_YEAST	4932.YDR080W;
4932.YFR028C	Q00684	CDC14_YEAST	4932.YFR028C;
4932.YDR373W	Q06389	NCS1_YEAST	4932.YDR373W;
4932.Q0275	P00420	COX3_YEAST	4932.Q0275;
4932.YGR202C	P13259	PCY1_YEAST	4932.YGR202C;
4932.YBR234C	P38328	ARPC1_YEAST	4932.YBR234C;
4932.YFR010W	P43593	UBP6_YEAST	4932.YFR010W;
4932.YPR031W	Q12311	NTO1_YEAST	4932.YPR031W;
4932.YDL205C	P28789	HEM3_YEAST	4932.YDL205C;
4932.YKR017C	P36113	HEL1_YEAST	4932.YKR017C;
4932.YLR116W	Q12186	BBP_YEAST	4932.YLR116W;
4932.YOR191W	Q08562	ULS1_YEAST	4932.YOR191W;
4932.YDR267C	Q05583	CIAO1_YEAST	4932.YDR267C;
4932.YIL034C	P13517	CAPZB_YEAST	4932.YIL034C;
4932.YCL004W	P25578	PGPS1_YEAST	4932.YCL004W;
4932.YHR077C	P38798	NMD2_YEAST	4932.YHR077C;
